<?xml version="1.0" encoding="UTF-8"?>
<SOAConfigPlan xmlns:jca="http://platform.integration.oracle/blocks/adapter/fw/metadata" xmlns:wsp="http://schemas.xmlsoap.org/ws/2004/09/policy" xmlns:orawsp="http://schemas.oracle.com/ws/2006/01/policy" xmlns:edl="http://schemas.oracle.com/events/edl" xmlns="http://schemas.oracle.com/soa/configplan">
   <composite name="InvokeServiceBPEL">
      <!--Add search and replace rules for the import section of a composite
	Example:
	<searchReplace>
		<search>http://my-dev-server</search>
		<replace>http://my-test-server</replace>
	<searchReplace>
	<searchReplace>
		<search>8888</search>
		<replace>8889</replace>
	<searchReplace>-->
      <import>
         <searchReplace>
            <search/>
            <replace/>
         </searchReplace>
      </import>
      <service name="invokeservicebpel_client_ep">
         <binding type="ws">
            <attribute name="port">
               <replace>http://xmlns.schneider.com/SOA12cMavenApp/InvokeServiceBPEL/InvokeServiceBPEL#wsdl.endpoint(invokeservicebpel_client_ep/InvokeServiceBPEL_pt)</replace>
            </attribute>
         </binding>
      </service>
      <property name="productVersion">
         <replace>12.2.1.0.0.151013</replace>
      </property>
      <property name="compositeID">
         <replace>070a163e-3548-41ac-b7cb-08ee2aee08bc</replace>
      </property>
      <!--Add search and replace rules for the component properties
	For components and service/reference bindings, you can add policy references.
	Example:
	<component name="*">
		<wsp:PolicyReference orawsp:category="management" orawsp:status="enabled" URI="oracle/log_policy"/>
	</component>-->
      <component name="InvokeServiceBPEL">
         <property name="bpel.config.transaction">
            <replace>required</replace>
         </property>
      </component>
      <reference name="SOA12cProjectSvc">
         <!--Add search and replace rules for the binding properties-->
         <binding type="ws">
            <attribute name="port">
               <replace>http://xmlns.oracle.com/SOA12cMavenApp/SOA12cMavenProject/SOASyncBPEL#wsdl.endpoint(soasyncbpel_client_ep/SOASyncBPEL_pt)</replace>
            </attribute>
            <attribute name="location">
               <replace>${serverURL}/soa-infra/services/default/SOA12cMavenProject/soasyncbpel_client_ep?WSDL</replace>
            </attribute>
            <property name="weblogic.wsee.wsat.transaction.flowOption">
               <replace>WSDLDriven</replace>
            </property>
         </binding>
      </reference>
   </composite>
   <!--To configure monitor.config: 
	<property name="enabled"><replace>true</replace></property>
	<property name="dataObjectsFolder"><searchReplace><search>mydev</search><replace>myproduction</replace></searchReplace></property>
	
	sample properties to configure for adapter: 
	<jca:property name="QueueName"><replace>medmq1</replace></jca:property>
	
	To add search and replace rules for wsdls, xsd and jca files
	Example:
	<searchReplace>
		<search>http://my-dev-server</search>
		<replace>http://my-test-server</replace>
	<searchReplace>
	<searchReplace>
		<search>8888</search>
		<replace>8889</replace>
	<searchReplace>
	-->
   <wsdlAndSchema name="Schemas/InvokeServiceBPEL.xsd|Schemas/SOASyncBPEL.xsd|WSDLs/InvokeServiceBPEL.wsdl|WSDLs/soasyncbpel_client_ep.wsdl">
      <searchReplace>
         <search/>
         <replace/>
      </searchReplace>
   </wsdlAndSchema>
</SOAConfigPlan>
