<?xml version="1.0" encoding="UTF-8" ?>
<!-- Generated by Oracle SOA Modeler version 12.2.1.0.0.151013 at [5/15/17 3:00 AM]. -->
<composite name="SOA12cMavenClientProject"
           revision="1.0"
           label="2017-05-15_03-00-30_961"
           mode="active"
           state="on"
           xmlns="http://xmlns.oracle.com/sca/1.0"
           xmlns:xs="http://www.w3.org/2001/XMLSchema"
           xmlns:wsp="http://schemas.xmlsoap.org/ws/2004/09/policy"
           xmlns:orawsp="http://schemas.oracle.com/ws/2006/01/policy"
           xmlns:ui="http://xmlns.oracle.com/soa/designer/"
           xmlns:sca-ext="http://xmlns.oracle.com/sca/1.0-ext">
  <import namespace="http://xmlns.schneider.com/SOA12cMavenApp/SOA12cMavenClientProject/ClientBPEL"
          location="WSDLs/ClientBPEL.wsdl" importType="wsdl"/>
  <import namespace="http://xmlns.schneider.com/SOA12cMavenApp/InvokeServiceBPEL/InvokeServiceBPEL"
          location="WSDLs/invokeservicebpel_client_ep.wsdl" importType="wsdl"/>
  <import namespace="http://xmlns.schneider.com/SOA12cMavenApp/InvokeServiceBPEL/InvokeServiceBPEL"
          location="http://161.222.54.217:8001/soa-infra/services/default/InvokeServiceBPEL!1.0/WSDLs/InvokeServiceBPEL.wsdl"
          importType="wsdl"/>
  <service name="clientbpel_client_ep" ui:wsdlLocation="WSDLs/ClientBPEL.wsdl">
    <interface.wsdl interface="http://xmlns.schneider.com/SOA12cMavenApp/SOA12cMavenClientProject/ClientBPEL#wsdl.interface(ClientBPEL)"/>
    <binding.ws port="http://xmlns.schneider.com/SOA12cMavenApp/SOA12cMavenClientProject/ClientBPEL#wsdl.endpoint(clientbpel_client_ep/ClientBPEL_pt)"/>
  </service>
  <property name="productVersion" type="xs:string" many="false">12.2.1.0.0.151013</property>
  <property name="compositeID" type="xs:string" many="false">6e349f3a-cb98-47fd-b333-4bbfcd881c1c</property>
  <component name="ClientBPEL" version="2.0">
    <implementation.bpel src="BPEL/ClientBPEL.bpel"/>
    <componentType>
      <service name="clientbpel_client" ui:wsdlLocation="WSDLs/ClientBPEL.wsdl">
        <interface.wsdl interface="http://xmlns.schneider.com/SOA12cMavenApp/SOA12cMavenClientProject/ClientBPEL#wsdl.interface(ClientBPEL)"/>
      </service>
      <reference name="SOAPReference"
                 ui:wsdlLocation="http://161.222.54.217:8001/soa-infra/services/default/InvokeServiceBPEL!1.0/WSDLs/InvokeServiceBPEL.wsdl">
        <interface.wsdl interface="http://xmlns.schneider.com/SOA12cMavenApp/InvokeServiceBPEL/InvokeServiceBPEL#wsdl.interface(InvokeServiceBPEL)"/>
      </reference>
    </componentType>
    <property name="bpel.config.transaction" type="xs:string" many="false">required</property>
    <property name="bpel.config.completionPersistPolicy" many="false">on</property>
    <property name="bpel.config.inMemoryOptimization" many="false">false</property>
  </component>
  <reference name="SOAPReference" ui:wsdlLocation="WSDLs/invokeservicebpel_client_ep.wsdl">
    <interface.wsdl interface="http://xmlns.schneider.com/SOA12cMavenApp/InvokeServiceBPEL/InvokeServiceBPEL#wsdl.interface(InvokeServiceBPEL)"/>
    <binding.ws port="http://xmlns.schneider.com/SOA12cMavenApp/InvokeServiceBPEL/InvokeServiceBPEL#wsdl.endpoint(invokeservicebpel_client_ep/InvokeServiceBPEL_pt)"
                location="http://161.222.54.217:8001/soa-infra/services/default/InvokeServiceBPEL/invokeservicebpel_client_ep?WSDL"
                soapVersion="1.1">
      <property name="weblogic.wsee.wsat.transaction.flowOption" type="xs:string" many="false">WSDLDriven</property>
    </binding.ws>
  </reference>
  <wire>
    <source.uri>clientbpel_client_ep</source.uri>
    <target.uri>ClientBPEL/clientbpel_client</target.uri>
  </wire>
  <wire>
    <source.uri>ClientBPEL/SOAPReference</source.uri>
    <target.uri>SOAPReference</target.uri>
  </wire>
</composite>
