<?xml version="1.0" encoding="UTF-8" ?>
<!-- Generated by Oracle SOA Modeler version 12.2.1.0.0.151013 at [5/15/17 12:42 AM]. -->
<composite name="InvokeServiceBPEL"
           revision="1.0"
           label="2017-05-15_00-42-01_149"
           mode="active"
           state="on"
           xmlns="http://xmlns.oracle.com/sca/1.0"
           xmlns:xs="http://www.w3.org/2001/XMLSchema"
           xmlns:wsp="http://schemas.xmlsoap.org/ws/2004/09/policy"
           xmlns:orawsp="http://schemas.oracle.com/ws/2006/01/policy"
           xmlns:ui="http://xmlns.oracle.com/soa/designer/"
           xmlns:sca-ext="http://xmlns.oracle.com/sca/1.0-ext">
  <import namespace="http://xmlns.schneider.com/SOA12cMavenApp/InvokeServiceBPEL/InvokeServiceBPEL"
          location="WSDLs/InvokeServiceBPEL.wsdl" importType="wsdl"/>
  <import namespace="http://xmlns.oracle.com/SOA12cMavenApp/SOA12cMavenProject/SOASyncBPEL"
          location="WSDLs/soasyncbpel_client_ep.wsdl" importType="wsdl"/>
  <import namespace="http://xmlns.oracle.com/SOA12cMavenApp/SOA12cMavenProject/SOASyncBPEL"
          location="http://161.222.54.217:8001/soa-infra/services/default/SOA12cMavenProject!1.0/WSDLs/SOASyncBPEL.wsdl"
          importType="wsdl"/>
  <service name="invokeservicebpel_client_ep" ui:wsdlLocation="WSDLs/InvokeServiceBPEL.wsdl">
    <interface.wsdl interface="http://xmlns.schneider.com/SOA12cMavenApp/InvokeServiceBPEL/InvokeServiceBPEL#wsdl.interface(InvokeServiceBPEL)"/>
    <binding.ws port="http://xmlns.schneider.com/SOA12cMavenApp/InvokeServiceBPEL/InvokeServiceBPEL#wsdl.endpoint(invokeservicebpel_client_ep/InvokeServiceBPEL_pt)"/>
  </service>
  <property name="productVersion" type="xs:string" many="false">12.2.1.0.0.151013</property>
  <property name="compositeID" type="xs:string" many="false">070a163e-3548-41ac-b7cb-08ee2aee08bc</property>
  <component name="InvokeServiceBPEL" version="2.0">
    <implementation.bpel src="BPEL/InvokeServiceBPEL.bpel"/>
    <componentType>
      <service name="invokeservicebpel_client" ui:wsdlLocation="WSDLs/InvokeServiceBPEL.wsdl">
        <interface.wsdl interface="http://xmlns.schneider.com/SOA12cMavenApp/InvokeServiceBPEL/InvokeServiceBPEL#wsdl.interface(InvokeServiceBPEL)"/>
      </service>
      <reference name="SOA12cProjectSvc"
                 ui:wsdlLocation="http://161.222.54.217:8001/soa-infra/services/default/SOA12cMavenProject!1.0/WSDLs/SOASyncBPEL.wsdl">
        <interface.wsdl interface="http://xmlns.oracle.com/SOA12cMavenApp/SOA12cMavenProject/SOASyncBPEL#wsdl.interface(SOASyncBPEL)"/>
      </reference>
    </componentType>
    <property name="bpel.config.transaction" type="xs:string" many="false">required</property>
  </component>
  <reference name="SOA12cProjectSvc" ui:wsdlLocation="WSDLs/soasyncbpel_client_ep.wsdl">
    <interface.wsdl interface="http://xmlns.oracle.com/SOA12cMavenApp/SOA12cMavenProject/SOASyncBPEL#wsdl.interface(SOASyncBPEL)"/>
    <binding.ws port="http://xmlns.oracle.com/SOA12cMavenApp/SOA12cMavenProject/SOASyncBPEL#wsdl.endpoint(soasyncbpel_client_ep/SOASyncBPEL_pt)"
                location="http://161.222.54.217:8001/soa-infra/services/default/SOA12cMavenProject/soasyncbpel_client_ep?WSDL"
                soapVersion="1.1">
      <property name="weblogic.wsee.wsat.transaction.flowOption" type="xs:string" many="false">WSDLDriven</property>
    </binding.ws>
  </reference>
  <wire>
    <source.uri>invokeservicebpel_client_ep</source.uri>
    <target.uri>InvokeServiceBPEL/invokeservicebpel_client</target.uri>
  </wire>
  <wire>
    <source.uri>InvokeServiceBPEL/SOA12cProjectSvc</source.uri>
    <target.uri>SOA12cProjectSvc</target.uri>
  </wire>
</composite>
