<?xml version="1.0" encoding="UTF-8" ?>
<!-- Generated by Oracle SOA Modeler version 12.2.1.0.0.151013 at [5/10/17 7:07 AM]. -->
<composite name="SOA12cMavenProject"
           revision="1.0"
           label="2017-05-10_07-07-49_918"
           mode="active"
           state="on"
           xmlns="http://xmlns.oracle.com/sca/1.0"
           xmlns:xs="http://www.w3.org/2001/XMLSchema"
           xmlns:wsp="http://schemas.xmlsoap.org/ws/2004/09/policy"
           xmlns:orawsp="http://schemas.oracle.com/ws/2006/01/policy"
           xmlns:ui="http://xmlns.oracle.com/soa/designer/"
           xmlns:sca-ext="http://xmlns.oracle.com/sca/1.0-ext">
  <import namespace="http://xmlns.oracle.com/SOA12cMavenApp/SOA12cMavenProject/SOASyncBPEL"
          location="WSDLs/SOASyncBPEL.wsdl" importType="wsdl"/>
  <service name="soasyncbpel_client_ep" ui:wsdlLocation="WSDLs/SOASyncBPEL.wsdl">
    <interface.wsdl interface="http://xmlns.oracle.com/SOA12cMavenApp/SOA12cMavenProject/SOASyncBPEL#wsdl.interface(SOASyncBPEL)"/>
    <binding.ws port="http://xmlns.oracle.com/SOA12cMavenApp/SOA12cMavenProject/SOASyncBPEL#wsdl.endpoint(soasyncbpel_client_ep/SOASyncBPEL_pt)"/>
  </service>
  <property name="productVersion" type="xs:string" many="false">12.2.1.0.0.151013</property>
  <property name="compositeID" type="xs:string" many="false">0e0dd58f-6cb3-4d2f-8827-ca51019b2f9e</property>
  <component name="SOASyncBPEL" version="2.0">
    <implementation.bpel src="BPEL/SOASyncBPEL.bpel"/>
    <componentType>
      <service name="soasyncbpel_client" ui:wsdlLocation="WSDLs/SOASyncBPEL.wsdl">
        <interface.wsdl interface="http://xmlns.oracle.com/SOA12cMavenApp/SOA12cMavenProject/SOASyncBPEL#wsdl.interface(SOASyncBPEL)"/>
      </service>
    </componentType>
    <property name="bpel.config.transaction" type="xs:string" many="false">required</property>
  </component>
  <wire>
    <source.uri>soasyncbpel_client_ep</source.uri>
    <target.uri>SOASyncBPEL/soasyncbpel_client</target.uri>
  </wire>
</composite>
